num_nodes,num_qubits,num_instances,beta,beta_std,success,duration_seconds,k,seed,pce_optimizer,pce_maxiter,simulator,device,device_actual,shots,timestamp,cut_sizes,backend,max_parallel_threads,num_chunks_merged,total_cpu_seconds
10,4,100,0.916705209352182,0.03322153229382972,True,886.0531101820015,3,42,DIFFERENTIALEVOLUTION,25,AerSimulator-statevector,CPU,CPU,2048,20260708-235141,"[19, 21, 17, 18, 18, 13, 16, 16, 14, 20, 15, 15, 16, 18, 17, 18, 18, 15, 14, 15, 16, 14, 17, 14, 15, 16, 17, 15, 13, 16, 16, 17, 19, 15, 17, 17, 18, 18, 16, 15, 17, 19, 17, 17, 17, 13, 19, 19, 19, 16, 16, 15, 14, 19, 18, 18, 17, 16, 15, 16, 14, 17, 14, 17, 16, 19, 16, 14, 16, 11, 15, 12, 17, 17, 16, 14, 18, 15, 17, 15, 16, 18, 19, 20, 17, 17, 19, 15, 15, 16, 19, 16, 17, 18, 19, 14, 17, 18, 15, 15]",AER,16,,
25,5,100,0.7653932584269664,0.024661916294005912,True,2183.9760244390054,3,42,DIFFERENTIALEVOLUTION,25,AerSimulator-statevector,CPU,CPU,2048,20260709-002808,"[92, 87, 94, 88, 91, 95, 86, 92, 88, 95, 91, 89, 95, 101, 89, 92, 95, 98, 94, 86, 97, 94, 96, 90, 84, 92, 91, 91, 84, 90, 101, 94, 83, 83, 94, 92, 92, 99, 100, 86, 99, 99, 82, 96, 87, 92, 85, 94, 90, 85, 86, 94, 93, 90, 93, 96, 95, 87, 88, 94, 92, 88, 85, 107, 87, 105, 98, 103, 104, 89, 93, 93, 92, 94, 92, 79, 89, 94, 98, 85, 95, 84, 93, 95, 99, 93, 94, 88, 98, 95, 95, 82, 94, 81, 93, 94, 96, 83, 91, 97]",AER,16,,
50,6,100,0.6301989874574943,0.01682719477100878,True,8102.020334806999,3,42,DIFFERENTIALEVOLUTION,25,AerSimulator-statevector,CPU,CPU,2048,20260709-024313,"[339, 354, 336, 366, 333, 352, 341, 349, 349, 346, 339, 361, 350, 362, 342, 333, 363, 345, 339, 365, 334, 352, 349, 344, 355, 332, 359, 335, 352, 334, 346, 345, 332, 363, 335, 353, 332, 323, 367, 347, 324, 344, 365, 350, 358, 341, 348, 343, 351, 340, 342, 338, 342, 358, 336, 342, 347, 348, 340, 328, 366, 333, 351, 342, 343, 356, 329, 340, 345, 324, 338, 353, 359, 348, 358, 348, 356, 341, 357, 332, 339, 342, 351, 354, 341, 348, 336, 361, 361, 345, 338, 334, 347, 367, 334, 357, 344, 352, 348, 335]",AER,16,,
75,7,100,0.48981791377091394,0.012735064494505299,True,15180.673118962994,3,42,DIFFERENTIALEVOLUTION,25,AerSimulator-statevector,CPU,CPU,2048,20260709-065618,"[765, 766, 741, 755, 742, 743, 748, 729, 782, 725, 749, 738, 752, 710, 755, 762, 747, 752, 731, 739, 772, 750, 755, 766, 760, 757, 776, 748, 733, 765, 748, 750, 787, 759, 729, 727, 768, 759, 767, 756, 750, 771, 729, 762, 748, 731, 750, 770, 755, 767, 733, 750, 716, 744, 747, 727, 763, 741, 765, 757, 769, 764, 767, 736, 744, 750, 751, 747, 748, 763, 741, 749, 747, 744, 743, 749, 758, 756, 748, 761, 738, 747, 736, 741, 758, 764, 723, 776, 747, 749, 741, 770, 729, 724, 747, 777, 740, 743, 759, 755]",AER,16,,
100,7,100,0.43904494382022524,0.014363402419567949,True,23422.093031515004,3,42,DIFFERENTIALEVOLUTION,25,AerSimulator-statevector,CPU,CPU,2048,20260709-094641,"[1338, 1313, 1317, 1319, 1342, 1326, 1342, 1301, 1301, 1296, 1345, 1288, 1353, 1333, 1332, 1295, 1278, 1321, 1349, 1345, 1318, 1330, 1291, 1324, 1338, 1383, 1329, 1314, 1328, 1338, 1278, 1267, 1323, 1298, 1292, 1266, 1288, 1376, 1278, 1311, 1294, 1346, 1287, 1307, 1304, 1344, 1294, 1353, 1315, 1327, 1317, 1295, 1306, 1304, 1267, 1290, 1285, 1285, 1284, 1364, 1308, 1319, 1355, 1332, 1313, 1325, 1351, 1294, 1314, 1307, 1289, 1338, 1319, 1283, 1304, 1336, 1265, 1280, 1313, 1302, 1345, 1300, 1327, 1296, 1298, 1351, 1318, 1330, 1294, 1339, 1303, 1332, 1322, 1321, 1351, 1360, 1317, 1289, 1347, 1306]",AER,16,,
125,8,100,0.36922758423974017,0.011218145003973513,True,85865.995393233,3,42,DIFFERENTIALEVOLUTION,25,AerSimulator-statevector,CPU,CPU,2048,20260710-064727,"[2032, 1983, 2014, 2002, 2032, 2051, 2047, 2094, 2030, 2049, 2085, 2041, 2061, 2061, 1965, 1986, 2043, 1990, 2067, 2028, 2054, 2024, 2041, 1998, 2035, 2033, 2016, 2043, 2040, 2046, 2040, 2020, 2070, 2021, 2031, 2066, 2067, 2001, 2025, 2032, 2062, 2056, 1976, 1997, 2043, 2022, 1980, 2037, 1993, 2090, 2018, 2007, 1985, 2017, 2031, 2052, 1994, 2014, 1958, 2033, 1998, 2030, 2032, 2029, 2019, 2029, 2018, 2041, 2082, 2051, 2076, 2016, 2027, 2024, 2058, 2025, 2004, 2024, 2022, 2008, 2107, 2030, 2025, 2033, 2046, 2021, 2049, 2002, 2008, 2020, 2018, 2021, 2064, 2000, 2034, 1997, 2022, 2063, 1995, 2038]",AER,16,,
150,8,100,0.3346718569914996,0.010496947490987825,True,80146.84828119696,3,42,DIFFERENTIALEVOLUTION,25,AerSimulator-statevector,CPU,CPU,2048,20260710-080232,"[2980, 2854, 2874, 2900, 2944, 2867, 2932, 2917, 2925, 2884, 2915, 2917, 2872, 2912, 2858, 2871, 2911, 2906, 2884, 2927, 2805, 2820, 2863, 2860, 2884, 2883, 2938, 2887, 2928, 2885, 2829, 2963, 2927, 2911, 2856, 2909, 2943, 2886, 2904, 2882, 2902, 2912, 2896, 2925, 2910, 2883, 2880, 2957, 2922, 2838, 2915, 2937, 2857, 2960, 2959, 2869, 2893, 2899, 2893, 2866, 2913, 2828, 2914, 2855, 2957, 2913, 2879, 2922, 2879, 2952, 2891, 2857, 2912, 2937, 2875, 2957, 2865, 2952, 2911, 2931, 2911, 2915, 2917, 2917, 2911, 2875, 2896, 2933, 2914, 2909, 2979, 2926, 2928, 2922, 2895, 2919, 2912, 2906, 2925, 2923]",AER,16,,
175,9,100,0.2984159951585528,0.00985127458732006,True,203814.607414869,3,42,DIFFERENTIALEVOLUTION,25,AerSimulator-statevector,CPU,CPU,2048,20260711-183852,"[3899, 3987, 3936, 3891, 3993, 3936, 3886, 3936, 3876, 3875, 4014, 3921, 3951, 3938, 3909, 3851, 3947, 3910, 3855, 3974, 3913, 3950, 3907, 3911, 3937, 3941, 3891, 3889, 3872, 3970, 3972, 3911, 3967, 3956, 3952, 3949, 3926, 3881, 3943, 3885, 3926, 3879, 3938, 3880, 3965, 3936, 3845, 3875, 3926, 3937, 3924, 3972, 3896, 3971, 3951, 3876, 3889, 3976, 3953, 3983, 3904, 3878, 3970, 3875, 4070, 3989, 3941, 3913, 3933, 3913, 3998, 3963, 3914, 3940, 3935, 3912, 3929, 3937, 4006, 3929, 3973, 3894, 3886, 3957, 4022, 3886, 3949, 3959, 3915, 3910, 3871, 3941, 3965, 3918, 3967, 3923, 3892, 3921, 3927, 3891]",AER,16,,
200,9,100,0.26071583173748986,0.00959139178996789,True,13900.196961760521,3,42,DIFFERENTIALEVOLUTION,25,AerSimulator-statevector,CPU,,2048,20260713-143151,"[5114, 5162, 5113, 5174, 5109, 5150, 5099, 5093, 5124, 5067, 5088, 5124, 5118, 5194, 5061, 4989, 5094, 5042, 5097, 5178, 5063, 5060, 5060, 5165, 5098, 5124, 5155, 5082, 5104, 5115, 5154, 5084, 5124, 5005, 5119, 5141, 5130, 5055, 5053, 5097, 5175, 5045, 5044, 5010, 5086, 5105, 5098, 5175, 5117, 5076, 5149, 5080, 5059, 5069, 5148, 5117, 5110, 5221, 5152, 5160, 5169, 5074, 5081, 5155, 5093, 5156, 5055, 5010, 5190, 5106, 5113, 5068, 5125, 5200, 5007, 5128, 5092, 5060, 5102, 5054, 5105, 5062, 5104, 5108, 5184, 5099, 5070, 5128, 5069, 5072, 5175, 5193, 5154, 5180, 5078, 5083, 5140, 5032, 5069, 5109]",AER,1,7.0,92984.29125832208
225,9,100,0.23062838119017925,0.009765266294609292,True,15039.861824475229,3,42,DIFFERENTIALEVOLUTION,25,AerSimulator-statevector,CPU,,2048,20260713-164033,"[6342, 6422, 6472, 6394, 6489, 6511, 6526, 6506, 6489, 6479, 6398, 6380, 6372, 6441, 6455, 6470, 6457, 6522, 6515, 6437, 6429, 6325, 6331, 6537, 6488, 6429, 6511, 6410, 6500, 6548, 6442, 6408, 6310, 6495, 6476, 6435, 6385, 6378, 6488, 6404, 6470, 6484, 6466, 6429, 6446, 6413, 6478, 6361, 6465, 6407, 6544, 6424, 6359, 6511, 6391, 6365, 6523, 6430, 6414, 6575, 6437, 6419, 6480, 6454, 6317, 6453, 6319, 6484, 6434, 6396, 6402, 6477, 6339, 6496, 6336, 6434, 6497, 6419, 6397, 6346, 6427, 6407, 6401, 6408, 6445, 6403, 6536, 6499, 6470, 6435, 6395, 6457, 6481, 6437, 6502, 6393, 6427, 6413, 6484, 6338]",AER,1,7.0,100815.92884514108
250,9,100,0.23994936510841675,0.008032246002428307,True,17041.14344287105,3,42,DIFFERENTIALEVOLUTION,25,AerSimulator-statevector,CPU,,2048,20260713-200133,"[7966, 7953, 7895, 7966, 8014, 7939, 7878, 8038, 8050, 7914, 7868, 7946, 7937, 7872, 7905, 8017, 7884, 8045, 7887, 7904, 7942, 7944, 7947, 7950, 7998, 7951, 7920, 7899, 7891, 7918, 8069, 7948, 8020, 7964, 8006, 8068, 7890, 7932, 7963, 7962, 8008, 7914, 8051, 7949, 7938, 7894, 7919, 7900, 7948, 7960, 8000, 7943, 7961, 8044, 8008, 8006, 7945, 7849, 7986, 7844, 7844, 7967, 7958, 7869, 7928, 7906, 8037, 7984, 7942, 7959, 7961, 7978, 8000, 7887, 7831, 7935, 8002, 7947, 7906, 7990, 7872, 8047, 7900, 8030, 7951, 7838, 7900, 7965, 7925, 7920, 7959, 7972, 8073, 7957, 7955, 7913, 7921, 7947, 7933, 8072]",AER,1,7.0,113789.6292528119
